account_number,holder_name,bank_name,ifsc,account_type,role,city,upi_id,risk_tier,created_date,status
ACC-SYN-NCR-01-L1-01,Deepak Patel,Kotak Mahindra Bank,KKBK0005678,CURRENT,MULE_L1,Delhi,deepakpate54@kotak,HIGH,2026-02-19,ACTIVE
ACC-SYN-NCR-01-L1-02,Deepak Patel,State Bank of India,SBIN0001234,CURRENT,MULE_L1,Delhi,deepakpate94@state,HIGH,2026-02-04,ACTIVE
ACC-SYN-NCR-01-L2-01,Aakash Kulkarni,HDFC Bank,HDFC0000456,CURRENT,MULE_L2,Delhi,aakashkulk45@hdfc,HIGH,2026-02-24,ACTIVE
ACC-SYN-NCR-01-L2-02,Suresh Rao,Bank of Baroda,BARB0003456,CURRENT,MULE_L2,Delhi,sureshrao13@bank,HIGH,2026-01-25,ACTIVE
ACC-SYN-NCR-01-L2-03,Aakash Gupta,Axis Bank,UTIB0000678,CURRENT,MULE_L2,Delhi,aakashgupt14@axis,HIGH,2026-01-24,ACTIVE
ACC-SYN-NCR-02-L1-01,Priyanka Choudhury,Bank of Baroda,BARB0003456,CURRENT,MULE_L1,Delhi,priyankach65@bank,HIGH,2026-03-29,ACTIVE
ACC-SYN-NCR-02-L1-02,Vikram Joshi,Punjab National Bank,PUNB0002345,CURRENT,MULE_L1,Delhi,vikramjosh42@punjab,HIGH,2026-01-16,ACTIVE
ACC-SYN-NCR-02-L2-01,Rajesh Nair,Punjab National Bank,PUNB0002345,CURRENT,MULE_L2,Delhi,rajeshnair56@punjab,HIGH,2026-03-07,FROZEN_POST_CRIME
ACC-SYN-NCR-02-L2-02,Mohit Iyer,Bank of Baroda,BARB0003456,CURRENT,MULE_L2,Delhi,mohitiyer94@bank,HIGH,2026-01-26,ACTIVE
ACC-SYN-NCR-02-L2-03,Sneha Nair,Axis Bank,UTIB0000678,CURRENT,MULE_L2,Delhi,snehanair95@axis,HIGH,2026-03-04,ACTIVE
ACC-SYN-MUM-01-L1-01,Sneha Nair,ICICI Bank,ICIC0000789,CURRENT,MULE_L1,Mumbai,snehanair34@icici,HIGH,2026-03-05,ACTIVE
ACC-SYN-MUM-01-L1-02,Suresh Rao,ICICI Bank,ICIC0000789,CURRENT,MULE_L1,Mumbai,sureshrao88@icici,HIGH,2026-03-24,ACTIVE
ACC-SYN-MUM-01-L2-01,Rajesh Mehta,Axis Bank,UTIB0000678,CURRENT,MULE_L2,Mumbai,rajeshmeht36@axis,HIGH,2026-03-07,ACTIVE
ACC-SYN-MUM-01-L2-02,Mohit Yadav,Kotak Mahindra Bank,KKBK0005678,CURRENT,MULE_L2,Mumbai,mohityadav66@kotak,HIGH,2026-04-07,FROZEN_POST_CRIME
ACC-SYN-MUM-01-L2-03,Divya Bose,ICICI Bank,ICIC0000789,CURRENT,MULE_L2,Mumbai,divyabose94@icici,HIGH,2026-01-21,FROZEN_POST_CRIME
ACC-SYN-PUN-01-L1-01,Mohit Verma,Punjab National Bank,PUNB0002345,CURRENT,MULE_L1,Pune,mohitverma96@punjab,HIGH,2026-02-19,FROZEN_POST_CRIME
ACC-SYN-PUN-01-L1-02,Kavita Gupta,State Bank of India,SBIN0001234,CURRENT,MULE_L1,Pune,kavitagupt15@state,HIGH,2026-02-11,ACTIVE
ACC-SYN-PUN-01-L2-01,Pooja Yadav,Canara Bank,CNRB0004567,CURRENT,MULE_L2,Pune,poojayadav90@canara,HIGH,2026-03-25,FROZEN_POST_CRIME
ACC-SYN-PUN-01-L2-02,Suresh Yadav,Canara Bank,CNRB0004567,CURRENT,MULE_L2,Pune,sureshyada41@canara,HIGH,2026-01-29,ACTIVE
ACC-SYN-PUN-01-L2-03,Rajesh Bose,HDFC Bank,HDFC0000456,CURRENT,MULE_L2,Pune,rajeshbose64@hdfc,HIGH,2026-02-08,FROZEN_POST_CRIME
ACC-SYN-BLR-01-L1-01,Arun Sharma,Punjab National Bank,PUNB0002345,CURRENT,MULE_L1,Bengaluru,arunsharma25@punjab,HIGH,2026-03-10,FROZEN_POST_CRIME
ACC-SYN-BLR-01-L1-02,Arun Rao,Bank of Baroda,BARB0003456,CURRENT,MULE_L1,Bengaluru,arunrao66@bank,HIGH,2026-03-30,ACTIVE
ACC-SYN-BLR-01-L2-01,Meena Kulkarni,Kotak Mahindra Bank,KKBK0005678,CURRENT,MULE_L2,Bengaluru,meenakulka30@kotak,HIGH,2026-03-12,ACTIVE
ACC-SYN-BLR-01-L2-02,Deepak Kulkarni,Axis Bank,UTIB0000678,CURRENT,MULE_L2,Bengaluru,deepakkulk76@axis,HIGH,2026-03-14,ACTIVE
ACC-SYN-BLR-01-L2-03,Aakash Yadav,HDFC Bank,HDFC0000456,CURRENT,MULE_L2,Bengaluru,aakashyada46@hdfc,HIGH,2026-02-10,FROZEN_POST_CRIME
ACC-VIC-C1001,Anjali Choudhury,Punjab National Bank,PUNB0002345,SAVINGS,VICTIM,Mumbai,anjalichou18@punjab,LOW,2026-03-05,ACTIVE
ACC-VIC-C1002,Aakash Joshi,Kotak Mahindra Bank,KKBK0005678,SAVINGS,VICTIM,Mumbai,aakashjosh13@kotak,LOW,2026-03-01,ACTIVE
ACC-VIC-C1003,Pooja Yadav,State Bank of India,SBIN0001234,SAVINGS,VICTIM,Mumbai,poojayadav79@state,LOW,2026-01-17,ACTIVE
ACC-VIC-C1004,Vikram Iyer,State Bank of India,SBIN0001234,SAVINGS,VICTIM,Mumbai,vikramiyer49@state,LOW,2026-03-25,ACTIVE
ACC-VIC-C1005,Divya Verma,Canara Bank,CNRB0004567,SAVINGS,VICTIM,Mumbai,divyaverma56@canara,LOW,2026-04-02,ACTIVE
ACC-VIC-C1006,Mohit Gupta,Kotak Mahindra Bank,KKBK0005678,SAVINGS,VICTIM,Delhi,mohitgupta37@kotak,LOW,2026-02-25,ACTIVE
ACC-VIC-C1007,Sneha Rao,Bank of Baroda,BARB0003456,SAVINGS,VICTIM,Delhi,sneharao70@bank,LOW,2026-03-22,ACTIVE
ACC-VIC-C1008,Kavita Mehta,Punjab National Bank,PUNB0002345,SAVINGS,VICTIM,Delhi,kavitameht56@punjab,LOW,2026-02-02,ACTIVE
ACC-VIC-C1009,Sunil Gupta,ICICI Bank,ICIC0000789,SAVINGS,VICTIM,Pune,sunilgupta82@icici,LOW,2026-02-18,FROZEN_POST_CRIME
ACC-VIC-C1010,Ramesh Patel,ICICI Bank,ICIC0000789,SAVINGS,VICTIM,Pune,rameshpate80@icici,LOW,2026-01-20,FROZEN_POST_CRIME
ACC-VIC-C1011,Sneha Iyer,Axis Bank,UTIB0000678,SAVINGS,VICTIM,Pune,snehaiyer66@axis,LOW,2026-01-26,ACTIVE
ACC-VIC-C1012,Divya Verma,Kotak Mahindra Bank,KKBK0005678,SAVINGS,VICTIM,Pune,divyaverma54@kotak,LOW,2026-03-04,ACTIVE
ACC-VIC-C1013,Priyanka Iyer,Kotak Mahindra Bank,KKBK0005678,SAVINGS,VICTIM,Pune,priyankaiy90@kotak,LOW,2026-03-08,ACTIVE
ACC-VIC-C1014,Anjali Yadav,Axis Bank,UTIB0000678,SAVINGS,VICTIM,Pune,anjaliyada75@axis,LOW,2026-02-14,ACTIVE
ACC-VIC-C1015,Priyanka Singh,Canara Bank,CNRB0004567,SAVINGS,VICTIM,Bengaluru,priyankasi68@canara,LOW,2026-02-21,ACTIVE
ACC-VIC-C1016,Arun Verma,Kotak Mahindra Bank,KKBK0005678,SAVINGS,VICTIM,Bengaluru,arunverma11@kotak,LOW,2026-01-29,ACTIVE
ACC-VIC-C1017,Vikram Yadav,ICICI Bank,ICIC0000789,SAVINGS,VICTIM,Delhi,vikramyada98@icici,LOW,2026-02-18,ACTIVE
ACC-VIC-C1018,Aakash Yadav,Axis Bank,UTIB0000678,SAVINGS,VICTIM,Delhi,aakashyada95@axis,LOW,2026-01-12,ACTIVE
ACC-VIC-C1019,Suresh Mehta,State Bank of India,SBIN0001234,SAVINGS,VICTIM,Mumbai,sureshmeht82@state,LOW,2026-04-08,ACTIVE
ACC-VIC-C1020,Sneha Singh,Canara Bank,CNRB0004567,SAVINGS,VICTIM,Mumbai,snehasingh32@canara,LOW,2026-02-05,FROZEN_POST_CRIME
ACC-VIC-C1021,Aakash Nair,HDFC Bank,HDFC0000456,SAVINGS,VICTIM,Mumbai,aakashnair68@hdfc,LOW,2026-02-27,ACTIVE
ACC-VIC-C1022,Vikram Verma,Punjab National Bank,PUNB0002345,SAVINGS,VICTIM,Mumbai,vikramverm78@punjab,LOW,2026-01-28,ACTIVE
ACC-VIC-C1023,Kavita Rao,State Bank of India,SBIN0001234,SAVINGS,VICTIM,Delhi,kavitarao16@state,LOW,2026-02-22,FROZEN_POST_CRIME
ACC-VIC-C1024,Deepak Iyer,Bank of Baroda,BARB0003456,SAVINGS,VICTIM,Delhi,deepakiyer12@bank,LOW,2026-02-02,FROZEN_POST_CRIME
ACC-VIC-C1025,Arun Verma,HDFC Bank,HDFC0000456,SAVINGS,VICTIM,Pune,arunverma51@hdfc,LOW,2026-03-29,FROZEN_POST_CRIME
ACC-VIC-C1026,Vikram Singh,Canara Bank,CNRB0004567,SAVINGS,VICTIM,Pune,vikramsing50@canara,LOW,2026-04-06,FROZEN_POST_CRIME
ACC-VIC-C1027,Priyanka Verma,Punjab National Bank,PUNB0002345,SAVINGS,VICTIM,Pune,priyankave29@punjab,LOW,2026-04-05,ACTIVE
ACC-VIC-C1028,Ramesh Kulkarni,ICICI Bank,ICIC0000789,SAVINGS,VICTIM,Pune,rameshkulk82@icici,LOW,2026-04-05,ACTIVE
ACC-VIC-C1029,Vikram Singh,Canara Bank,CNRB0004567,SAVINGS,VICTIM,Pune,vikramsing24@canara,LOW,2026-02-16,ACTIVE
ACC-VIC-C1030,Priyanka Verma,Canara Bank,CNRB0004567,SAVINGS,VICTIM,Pune,priyankave15@canara,LOW,2026-03-07,FROZEN_POST_CRIME
ACC-VIC-C1031,Pooja Joshi,Axis Bank,UTIB0000678,SAVINGS,VICTIM,Pune,poojajoshi53@axis,LOW,2026-02-08,ACTIVE
ACC-VIC-C1032,Pooja Yadav,Kotak Mahindra Bank,KKBK0005678,SAVINGS,VICTIM,Bengaluru,poojayadav90@kotak,LOW,2026-02-18,ACTIVE
ACC-VIC-C1033,Sunil Yadav,HDFC Bank,HDFC0000456,SAVINGS,VICTIM,Bengaluru,sunilyadav53@hdfc,LOW,2026-01-21,ACTIVE
ACC-VIC-C1034,Anjali Singh,Axis Bank,UTIB0000678,SAVINGS,VICTIM,Bengaluru,anjalising93@axis,LOW,2026-04-10,ACTIVE
ACC-VIC-C1035,Divya Patel,Punjab National Bank,PUNB0002345,SAVINGS,VICTIM,Bengaluru,divyapatel27@punjab,LOW,2026-01-30,FROZEN_POST_CRIME
ACC-VIC-C1036,Deepak Mehta,Kotak Mahindra Bank,KKBK0005678,SAVINGS,VICTIM,Pune,deepakmeht34@kotak,LOW,2026-02-27,ACTIVE
ACC-VIC-C1037,Anjali Kulkarni,Canara Bank,CNRB0004567,SAVINGS,VICTIM,Pune,anjalikulk21@canara,LOW,2026-02-08,ACTIVE
ACC-VIC-C1038,Anjali Bose,Kotak Mahindra Bank,KKBK0005678,SAVINGS,VICTIM,Pune,anjalibose67@kotak,LOW,2026-03-30,FROZEN_POST_CRIME
ACC-VIC-C1039,Deepak Choudhury,ICICI Bank,ICIC0000789,SAVINGS,VICTIM,Pune,deepakchou47@icici,LOW,2026-03-06,FROZEN_POST_CRIME
ACC-VIC-C1040,Vikram Bose,Bank of Baroda,BARB0003456,SAVINGS,VICTIM,Delhi,vikrambose27@bank,LOW,2026-01-16,ACTIVE
ACC-VIC-C1041,Kavita Mehta,Bank of Baroda,BARB0003456,SAVINGS,VICTIM,Delhi,kavitameht16@bank,LOW,2026-04-04,ACTIVE
ACC-VIC-C1042,Pooja Singh,Axis Bank,UTIB0000678,SAVINGS,VICTIM,Delhi,poojasingh49@axis,LOW,2026-03-09,ACTIVE
ACC-VIC-C1043,Sunil Iyer,ICICI Bank,ICIC0000789,SAVINGS,VICTIM,Delhi,suniliyer96@icici,LOW,2026-03-09,ACTIVE
ACC-VIC-C1044,Divya Patel,HDFC Bank,HDFC0000456,SAVINGS,VICTIM,Delhi,divyapatel27@hdfc,LOW,2026-01-20,ACTIVE
