complaint_id,case_id,victim_name,victim_phone,victim_account,crime_category,fraud_amount,incident_timestamp,narrative,status,city
C1001,CASE-1021,Anjali Choudhury,9682624278,ACC-VIC-C1001,Card Skimming / OTP Fraud,350000,2026-05-08T12:49:00,"Complaint registered by Anjali Choudhury (Phone: 9682624278). Victim reported being defrauded of INR 350,000 under the pretext of Card Skimming / OTP Fraud. Victim transferred funds from account ACC-VIC-C1001 to beneficiary account. Suspect demanded urgent liquidation. Immediate interdiction requested.",Investigating,Mumbai
C1002,CASE-1021,Aakash Joshi,9829223044,ACC-VIC-C1002,Card Skimming / OTP Fraud,185000,2026-05-10T14:06:00,"Complaint registered by Aakash Joshi (Phone: 9829223044). Victim reported being defrauded of INR 185,000 under the pretext of Card Skimming / OTP Fraud. Victim transferred funds from account ACC-VIC-C1002 to beneficiary account. Suspect demanded urgent liquidation. Immediate interdiction requested.",Investigating,Mumbai
C1003,CASE-1022,Pooja Yadav,9475767056,ACC-VIC-C1003,Part-Time Job Scam,1200000,2026-05-18T16:51:00,"Complaint registered by Pooja Yadav (Phone: 9475767056). Victim reported being defrauded of INR 1,200,000 under the pretext of Part-Time Job Scam. Victim transferred funds from account ACC-VIC-C1003 to beneficiary account. Suspect demanded urgent liquidation. Immediate interdiction requested.",Investigating,Mumbai
C1004,CASE-1022,Vikram Iyer,9502982778,ACC-VIC-C1004,Part-Time Job Scam,240000,2026-05-20T11:45:00,"Complaint registered by Vikram Iyer (Phone: 9502982778). Victim reported being defrauded of INR 240,000 under the pretext of Part-Time Job Scam. Victim transferred funds from account ACC-VIC-C1004 to beneficiary account. Suspect demanded urgent liquidation. Immediate interdiction requested.",Investigating,Mumbai
C1005,CASE-1022,Divya Verma,9593641365,ACC-VIC-C1005,Part-Time Job Scam,1200000,2026-05-22T11:01:00,"Complaint registered by Divya Verma (Phone: 9593641365). Victim reported being defrauded of INR 1,200,000 under the pretext of Part-Time Job Scam. Victim transferred funds from account ACC-VIC-C1005 to beneficiary account. Suspect demanded urgent liquidation. Immediate interdiction requested.",Investigating,Mumbai
C1006,CASE-1023,Mohit Gupta,9465436049,ACC-VIC-C1006,Phishing / APK Fraud,1200000,2026-05-25T11:06:00,"Complaint registered by Mohit Gupta (Phone: 9465436049). Victim reported being defrauded of INR 1,200,000 under the pretext of Phishing / APK Fraud. Victim transferred funds from account ACC-VIC-C1006 to beneficiary account. Suspect demanded urgent liquidation. Immediate interdiction requested.",Investigating,Delhi
C1007,CASE-1023,Sneha Rao,9556881239,ACC-VIC-C1007,Phishing / APK Fraud,185000,2026-05-27T17:19:00,"Complaint registered by Sneha Rao (Phone: 9556881239). Victim reported being defrauded of INR 185,000 under the pretext of Phishing / APK Fraud. Victim transferred funds from account ACC-VIC-C1007 to beneficiary account. Suspect demanded urgent liquidation. Immediate interdiction requested.",Investigating,Delhi
C1008,CASE-1023,Kavita Mehta,9860229059,ACC-VIC-C1008,Phishing / APK Fraud,1200000,2026-05-29T14:41:00,"Complaint registered by Kavita Mehta (Phone: 9860229059). Victim reported being defrauded of INR 1,200,000 under the pretext of Phishing / APK Fraud. Victim transferred funds from account ACC-VIC-C1008 to beneficiary account. Suspect demanded urgent liquidation. Immediate interdiction requested.",Investigating,Delhi
C1009,CASE-1024,Sunil Gupta,9366493008,ACC-VIC-C1009,Investment Scam,500000,2026-05-29T17:39:00,"Complaint registered by Sunil Gupta (Phone: 9366493008). Victim reported being defrauded of INR 500,000 under the pretext of Investment Scam. Victim transferred funds from account ACC-VIC-C1009 to beneficiary account. Suspect demanded urgent liquidation. Immediate interdiction requested.",Investigating,Pune
C1010,CASE-1024,Ramesh Patel,9538642403,ACC-VIC-C1010,Investment Scam,120000,2026-05-31T15:17:00,"Complaint registered by Ramesh Patel (Phone: 9538642403). Victim reported being defrauded of INR 120,000 under the pretext of Investment Scam. Victim transferred funds from account ACC-VIC-C1010 to beneficiary account. Suspect demanded urgent liquidation. Immediate interdiction requested.",Investigating,Pune
C1011,CASE-1024,Sneha Iyer,9426515425,ACC-VIC-C1011,Investment Scam,1200000,2026-06-02T10:45:00,"Complaint registered by Sneha Iyer (Phone: 9426515425). Victim reported being defrauded of INR 1,200,000 under the pretext of Investment Scam. Victim transferred funds from account ACC-VIC-C1011 to beneficiary account. Suspect demanded urgent liquidation. Immediate interdiction requested.",Investigating,Pune
C1012,CASE-1025,Divya Verma,9819550381,ACC-VIC-C1012,Card Skimming / OTP Fraud,350000,2026-06-08T13:12:00,"Complaint registered by Divya Verma (Phone: 9819550381). Victim reported being defrauded of INR 350,000 under the pretext of Card Skimming / OTP Fraud. Victim transferred funds from account ACC-VIC-C1012 to beneficiary account. Suspect demanded urgent liquidation. Immediate interdiction requested.",Investigating,Pune
C1013,CASE-1025,Priyanka Iyer,9318568997,ACC-VIC-C1013,Card Skimming / OTP Fraud,185000,2026-06-10T16:38:00,"Complaint registered by Priyanka Iyer (Phone: 9318568997). Victim reported being defrauded of INR 185,000 under the pretext of Card Skimming / OTP Fraud. Victim transferred funds from account ACC-VIC-C1013 to beneficiary account. Suspect demanded urgent liquidation. Immediate interdiction requested.",Investigating,Pune
C1014,CASE-1025,Anjali Yadav,9618079974,ACC-VIC-C1014,Card Skimming / OTP Fraud,1200000,2026-06-12T12:16:00,"Complaint registered by Anjali Yadav (Phone: 9618079974). Victim reported being defrauded of INR 1,200,000 under the pretext of Card Skimming / OTP Fraud. Victim transferred funds from account ACC-VIC-C1014 to beneficiary account. Suspect demanded urgent liquidation. Immediate interdiction requested.",Investigating,Pune
C1015,CASE-1026,Priyanka Singh,9848933239,ACC-VIC-C1015,Loan App Extortion,350000,2026-06-15T18:09:00,"Complaint registered by Priyanka Singh (Phone: 9848933239). Victim reported being defrauded of INR 350,000 under the pretext of Loan App Extortion. Victim transferred funds from account ACC-VIC-C1015 to beneficiary account. Suspect demanded urgent liquidation. Immediate interdiction requested.",Investigating,Bengaluru
C1016,CASE-1026,Arun Verma,9803066091,ACC-VIC-C1016,Loan App Extortion,1200000,2026-06-17T15:41:00,"Complaint registered by Arun Verma (Phone: 9803066091). Victim reported being defrauded of INR 1,200,000 under the pretext of Loan App Extortion. Victim transferred funds from account ACC-VIC-C1016 to beneficiary account. Suspect demanded urgent liquidation. Immediate interdiction requested.",Investigating,Bengaluru
C1017,CASE-1027,Vikram Yadav,9149382425,ACC-VIC-C1017,Loan App Extortion,120000,2026-06-21T12:02:00,"Complaint registered by Vikram Yadav (Phone: 9149382425). Victim reported being defrauded of INR 120,000 under the pretext of Loan App Extortion. Victim transferred funds from account ACC-VIC-C1017 to beneficiary account. Suspect demanded urgent liquidation. Immediate interdiction requested.",Investigating,Delhi
C1018,CASE-1027,Aakash Yadav,9599561877,ACC-VIC-C1018,Loan App Extortion,750000,2026-06-23T14:04:00,"Complaint registered by Aakash Yadav (Phone: 9599561877). Victim reported being defrauded of INR 750,000 under the pretext of Loan App Extortion. Victim transferred funds from account ACC-VIC-C1018 to beneficiary account. Suspect demanded urgent liquidation. Immediate interdiction requested.",Investigating,Delhi
C1019,CASE-1028,Suresh Mehta,9152660856,ACC-VIC-C1019,Card Skimming / OTP Fraud,1200000,2026-06-28T14:36:00,"Complaint registered by Suresh Mehta (Phone: 9152660856). Victim reported being defrauded of INR 1,200,000 under the pretext of Card Skimming / OTP Fraud. Victim transferred funds from account ACC-VIC-C1019 to beneficiary account. Suspect demanded urgent liquidation. Immediate interdiction requested.",Investigating,Mumbai
C1020,CASE-1028,Sneha Singh,9679184667,ACC-VIC-C1020,Card Skimming / OTP Fraud,120000,2026-06-30T15:43:00,"Complaint registered by Sneha Singh (Phone: 9679184667). Victim reported being defrauded of INR 120,000 under the pretext of Card Skimming / OTP Fraud. Victim transferred funds from account ACC-VIC-C1020 to beneficiary account. Suspect demanded urgent liquidation. Immediate interdiction requested.",Investigating,Mumbai
C1021,CASE-1028,Aakash Nair,9821920438,ACC-VIC-C1021,Card Skimming / OTP Fraud,120000,2026-07-02T12:00:00,"Complaint registered by Aakash Nair (Phone: 9821920438). Victim reported being defrauded of INR 120,000 under the pretext of Card Skimming / OTP Fraud. Victim transferred funds from account ACC-VIC-C1021 to beneficiary account. Suspect demanded urgent liquidation. Immediate interdiction requested.",Investigating,Mumbai
C1022,CASE-1028,Vikram Verma,9498370582,ACC-VIC-C1022,Card Skimming / OTP Fraud,350000,2026-07-04T10:54:00,"Complaint registered by Vikram Verma (Phone: 9498370582). Victim reported being defrauded of INR 350,000 under the pretext of Card Skimming / OTP Fraud. Victim transferred funds from account ACC-VIC-C1022 to beneficiary account. Suspect demanded urgent liquidation. Immediate interdiction requested.",Investigating,Mumbai
C1023,CASE-1029,Kavita Rao,9235209737,ACC-VIC-C1023,Phishing / APK Fraud,120000,2026-07-05T12:04:00,"Complaint registered by Kavita Rao (Phone: 9235209737). Victim reported being defrauded of INR 120,000 under the pretext of Phishing / APK Fraud. Victim transferred funds from account ACC-VIC-C1023 to beneficiary account. Suspect demanded urgent liquidation. Immediate interdiction requested.",Investigating,Delhi
C1024,CASE-1029,Deepak Iyer,9236105947,ACC-VIC-C1024,Phishing / APK Fraud,1200000,2026-07-07T10:57:00,"Complaint registered by Deepak Iyer (Phone: 9236105947). Victim reported being defrauded of INR 1,200,000 under the pretext of Phishing / APK Fraud. Victim transferred funds from account ACC-VIC-C1024 to beneficiary account. Suspect demanded urgent liquidation. Immediate interdiction requested.",Investigating,Delhi
C1025,CASE-1030,Arun Verma,9235497187,ACC-VIC-C1025,Phishing / APK Fraud,750000,2026-07-13T12:06:00,"Complaint registered by Arun Verma (Phone: 9235497187). Victim reported being defrauded of INR 750,000 under the pretext of Phishing / APK Fraud. Victim transferred funds from account ACC-VIC-C1025 to beneficiary account. Suspect demanded urgent liquidation. Immediate interdiction requested.",Investigating,Pune
C1026,CASE-1030,Vikram Singh,9263894795,ACC-VIC-C1026,Phishing / APK Fraud,750000,2026-07-15T17:01:00,"Complaint registered by Vikram Singh (Phone: 9263894795). Victim reported being defrauded of INR 750,000 under the pretext of Phishing / APK Fraud. Victim transferred funds from account ACC-VIC-C1026 to beneficiary account. Suspect demanded urgent liquidation. Immediate interdiction requested.",Investigating,Pune
C1027,CASE-1030,Priyanka Verma,9216198604,ACC-VIC-C1027,Phishing / APK Fraud,240000,2026-07-17T15:13:00,"Complaint registered by Priyanka Verma (Phone: 9216198604). Victim reported being defrauded of INR 240,000 under the pretext of Phishing / APK Fraud. Victim transferred funds from account ACC-VIC-C1027 to beneficiary account. Suspect demanded urgent liquidation. Immediate interdiction requested.",Investigating,Pune
C1028,CASE-1030,Ramesh Kulkarni,9252336745,ACC-VIC-C1028,Phishing / APK Fraud,120000,2026-07-19T15:57:00,"Complaint registered by Ramesh Kulkarni (Phone: 9252336745). Victim reported being defrauded of INR 120,000 under the pretext of Phishing / APK Fraud. Victim transferred funds from account ACC-VIC-C1028 to beneficiary account. Suspect demanded urgent liquidation. Immediate interdiction requested.",Investigating,Pune
C1029,CASE-1031,Vikram Singh,9736873048,ACC-VIC-C1029,Card Skimming / OTP Fraud,1200000,2026-07-20T14:48:00,"Complaint registered by Vikram Singh (Phone: 9736873048). Victim reported being defrauded of INR 1,200,000 under the pretext of Card Skimming / OTP Fraud. Victim transferred funds from account ACC-VIC-C1029 to beneficiary account. Suspect demanded urgent liquidation. Immediate interdiction requested.",Investigating,Pune
C1030,CASE-1031,Priyanka Verma,9183604337,ACC-VIC-C1030,Card Skimming / OTP Fraud,500000,2026-07-22T14:07:00,"Complaint registered by Priyanka Verma (Phone: 9183604337). Victim reported being defrauded of INR 500,000 under the pretext of Card Skimming / OTP Fraud. Victim transferred funds from account ACC-VIC-C1030 to beneficiary account. Suspect demanded urgent liquidation. Immediate interdiction requested.",Investigating,Pune
C1031,CASE-1031,Pooja Joshi,9280531127,ACC-VIC-C1031,Card Skimming / OTP Fraud,350000,2026-07-24T17:12:00,"Complaint registered by Pooja Joshi (Phone: 9280531127). Victim reported being defrauded of INR 350,000 under the pretext of Card Skimming / OTP Fraud. Victim transferred funds from account ACC-VIC-C1031 to beneficiary account. Suspect demanded urgent liquidation. Immediate interdiction requested.",Investigating,Pune
C1032,CASE-1032,Pooja Yadav,9735032128,ACC-VIC-C1032,Phishing / APK Fraud,350000,2026-07-26T15:44:00,"Complaint registered by Pooja Yadav (Phone: 9735032128). Victim reported being defrauded of INR 350,000 under the pretext of Phishing / APK Fraud. Victim transferred funds from account ACC-VIC-C1032 to beneficiary account. Suspect demanded urgent liquidation. Immediate interdiction requested.",Investigating,Bengaluru
C1033,CASE-1032,Sunil Yadav,9285283722,ACC-VIC-C1033,Phishing / APK Fraud,185000,2026-07-28T18:07:00,"Complaint registered by Sunil Yadav (Phone: 9285283722). Victim reported being defrauded of INR 185,000 under the pretext of Phishing / APK Fraud. Victim transferred funds from account ACC-VIC-C1033 to beneficiary account. Suspect demanded urgent liquidation. Immediate interdiction requested.",Investigating,Bengaluru
C1034,CASE-1032,Anjali Singh,9238460786,ACC-VIC-C1034,Phishing / APK Fraud,120000,2026-07-30T12:56:00,"Complaint registered by Anjali Singh (Phone: 9238460786). Victim reported being defrauded of INR 120,000 under the pretext of Phishing / APK Fraud. Victim transferred funds from account ACC-VIC-C1034 to beneficiary account. Suspect demanded urgent liquidation. Immediate interdiction requested.",Investigating,Bengaluru
C1035,CASE-1032,Divya Patel,9946237594,ACC-VIC-C1035,Phishing / APK Fraud,1200000,2026-08-01T13:56:00,"Complaint registered by Divya Patel (Phone: 9946237594). Victim reported being defrauded of INR 1,200,000 under the pretext of Phishing / APK Fraud. Victim transferred funds from account ACC-VIC-C1035 to beneficiary account. Suspect demanded urgent liquidation. Immediate interdiction requested.",Investigating,Bengaluru
C1036,CASE-1033,Deepak Mehta,9712483158,ACC-VIC-C1036,Card Skimming / OTP Fraud,500000,2026-08-02T17:49:00,"Complaint registered by Deepak Mehta (Phone: 9712483158). Victim reported being defrauded of INR 500,000 under the pretext of Card Skimming / OTP Fraud. Victim transferred funds from account ACC-VIC-C1036 to beneficiary account. Suspect demanded urgent liquidation. Immediate interdiction requested.",Investigating,Pune
C1037,CASE-1033,Anjali Kulkarni,9475364113,ACC-VIC-C1037,Card Skimming / OTP Fraud,350000,2026-08-04T12:52:00,"Complaint registered by Anjali Kulkarni (Phone: 9475364113). Victim reported being defrauded of INR 350,000 under the pretext of Card Skimming / OTP Fraud. Victim transferred funds from account ACC-VIC-C1037 to beneficiary account. Suspect demanded urgent liquidation. Immediate interdiction requested.",Investigating,Pune
C1038,CASE-1033,Anjali Bose,9185068029,ACC-VIC-C1038,Card Skimming / OTP Fraud,1200000,2026-08-06T18:19:00,"Complaint registered by Anjali Bose (Phone: 9185068029). Victim reported being defrauded of INR 1,200,000 under the pretext of Card Skimming / OTP Fraud. Victim transferred funds from account ACC-VIC-C1038 to beneficiary account. Suspect demanded urgent liquidation. Immediate interdiction requested.",Investigating,Pune
C1039,CASE-1033,Deepak Choudhury,9478833337,ACC-VIC-C1039,Card Skimming / OTP Fraud,500000,2026-08-08T11:15:00,"Complaint registered by Deepak Choudhury (Phone: 9478833337). Victim reported being defrauded of INR 500,000 under the pretext of Card Skimming / OTP Fraud. Victim transferred funds from account ACC-VIC-C1039 to beneficiary account. Suspect demanded urgent liquidation. Immediate interdiction requested.",Investigating,Pune
C1040,CASE-1034,Vikram Bose,9463512350,ACC-VIC-C1040,Part-Time Job Scam,750000,2026-08-07T14:17:00,"Complaint registered by Vikram Bose (Phone: 9463512350). Victim reported being defrauded of INR 750,000 under the pretext of Part-Time Job Scam. Victim transferred funds from account ACC-VIC-C1040 to beneficiary account. Suspect demanded urgent liquidation. Immediate interdiction requested.",Investigating,Delhi
C1041,CASE-1034,Kavita Mehta,9233654018,ACC-VIC-C1041,Part-Time Job Scam,1200000,2026-08-09T14:37:00,"Complaint registered by Kavita Mehta (Phone: 9233654018). Victim reported being defrauded of INR 1,200,000 under the pretext of Part-Time Job Scam. Victim transferred funds from account ACC-VIC-C1041 to beneficiary account. Suspect demanded urgent liquidation. Immediate interdiction requested.",Investigating,Delhi
C1042,CASE-1034,Pooja Singh,9557538651,ACC-VIC-C1042,Part-Time Job Scam,120000,2026-08-11T14:55:00,"Complaint registered by Pooja Singh (Phone: 9557538651). Victim reported being defrauded of INR 120,000 under the pretext of Part-Time Job Scam. Victim transferred funds from account ACC-VIC-C1042 to beneficiary account. Suspect demanded urgent liquidation. Immediate interdiction requested.",Investigating,Delhi
C1043,CASE-1035,Sunil Iyer,9499446327,ACC-VIC-C1043,Digital Arrest / Impersonation,350000,2026-08-14T15:58:00,"Complaint registered by Sunil Iyer (Phone: 9499446327). Victim reported being defrauded of INR 350,000 under the pretext of Digital Arrest / Impersonation. Victim transferred funds from account ACC-VIC-C1043 to beneficiary account. Suspect demanded urgent liquidation. Immediate interdiction requested.",Investigating,Delhi
C1044,CASE-1035,Divya Patel,9865975088,ACC-VIC-C1044,Digital Arrest / Impersonation,240000,2026-08-16T14:14:00,"Complaint registered by Divya Patel (Phone: 9865975088). Victim reported being defrauded of INR 240,000 under the pretext of Digital Arrest / Impersonation. Victim transferred funds from account ACC-VIC-C1044 to beneficiary account. Suspect demanded urgent liquidation. Immediate interdiction requested.",Investigating,Delhi
