transaction_id,case_id,complaint_id,sender_account,receiver_account,amount,timestamp,channel,hop_level,status,velocity_score
TX-10001,CASE-1021,C1001,ACC-VIC-C1001,ACC-SYN-MUM-01-L1-02,350000,2026-05-08T13:10:00,IMPS,1,COMPLETED,0.88
TX-10002,CASE-1021,C1001,ACC-SYN-MUM-01-L1-02,ACC-SYN-MUM-01-L2-02,190000,2026-05-08T13:43:00,IMPS,2,COMPLETED,0.91
TX-10003,CASE-1021,C1001,ACC-SYN-MUM-01-L1-02,ACC-SYN-MUM-01-L2-03,160000,2026-05-08T13:30:00,IMPS,2,COMPLETED,0.87
TX-10004,CASE-1021,C1002,ACC-VIC-C1002,ACC-SYN-MUM-01-L1-02,185000,2026-05-10T14:19:00,UPI,1,COMPLETED,0.97
TX-10005,CASE-1021,C1002,ACC-SYN-MUM-01-L1-02,ACC-SYN-MUM-01-L2-03,100000,2026-05-10T14:52:00,IMPS,2,COMPLETED,0.85
TX-10006,CASE-1021,C1002,ACC-SYN-MUM-01-L1-02,ACC-SYN-MUM-01-L2-01,85000,2026-05-10T14:39:00,IMPS,2,COMPLETED,0.74
TX-10007,CASE-1022,C1003,ACC-VIC-C1003,ACC-SYN-MUM-01-L1-01,1200000,2026-05-18T17:01:00,IMPS,1,COMPLETED,0.95
TX-10008,CASE-1022,C1003,ACC-SYN-MUM-01-L1-01,ACC-SYN-MUM-01-L2-01,646000,2026-05-18T17:35:00,IMPS,2,COMPLETED,0.78
TX-10009,CASE-1022,C1003,ACC-SYN-MUM-01-L1-01,ACC-SYN-MUM-01-L2-03,554000,2026-05-18T17:25:00,IMPS,2,COMPLETED,0.81
TX-10010,CASE-1022,C1004,ACC-VIC-C1004,ACC-SYN-MUM-01-L1-02,240000,2026-05-20T11:59:00,IMPS,1,COMPLETED,0.93
TX-10011,CASE-1022,C1004,ACC-SYN-MUM-01-L1-02,ACC-SYN-MUM-01-L2-03,116000,2026-05-20T12:38:00,IMPS,2,COMPLETED,0.8
TX-10012,CASE-1022,C1004,ACC-SYN-MUM-01-L1-02,ACC-SYN-MUM-01-L2-01,124000,2026-05-20T12:40:00,IMPS,2,COMPLETED,0.83
TX-10013,CASE-1022,C1005,ACC-VIC-C1005,ACC-SYN-MUM-01-L1-01,1200000,2026-05-22T11:22:00,IMPS,1,COMPLETED,0.95
TX-10014,CASE-1022,C1005,ACC-SYN-MUM-01-L1-01,ACC-SYN-MUM-01-L2-03,627000,2026-05-22T11:54:00,IMPS,2,COMPLETED,0.88
TX-10015,CASE-1022,C1005,ACC-SYN-MUM-01-L1-01,ACC-SYN-MUM-01-L2-02,573000,2026-05-22T11:56:00,IMPS,2,COMPLETED,0.8
TX-10016,CASE-1023,C1006,ACC-VIC-C1006,ACC-SYN-NCR-02-L1-02,1200000,2026-05-25T11:22:00,IMPS,1,COMPLETED,0.92
TX-10017,CASE-1023,C1006,ACC-SYN-NCR-02-L1-02,ACC-SYN-NCR-02-L2-01,596000,2026-05-25T11:50:00,IMPS,2,COMPLETED,0.83
TX-10018,CASE-1023,C1006,ACC-SYN-NCR-02-L1-02,ACC-SYN-NCR-02-L2-03,604000,2026-05-25T12:06:00,IMPS,2,COMPLETED,0.76
TX-10019,CASE-1023,C1007,ACC-VIC-C1007,ACC-SYN-NCR-02-L1-02,185000,2026-05-27T17:38:00,UPI,1,COMPLETED,0.89
TX-10020,CASE-1023,C1007,ACC-SYN-NCR-02-L1-02,ACC-SYN-NCR-02-L2-02,90000,2026-05-27T17:59:00,IMPS,2,COMPLETED,0.8
TX-10021,CASE-1023,C1007,ACC-SYN-NCR-02-L1-02,ACC-SYN-NCR-02-L2-01,95000,2026-05-27T18:21:00,IMPS,2,COMPLETED,0.82
TX-10022,CASE-1023,C1008,ACC-VIC-C1008,ACC-SYN-NCR-02-L1-01,1200000,2026-05-29T14:57:00,IMPS,1,COMPLETED,0.98
TX-10023,CASE-1023,C1008,ACC-SYN-NCR-02-L1-01,ACC-SYN-NCR-02-L2-03,634000,2026-05-29T15:16:00,IMPS,2,COMPLETED,0.86
TX-10024,CASE-1023,C1008,ACC-SYN-NCR-02-L1-01,ACC-SYN-NCR-02-L2-02,566000,2026-05-29T15:41:00,IMPS,2,COMPLETED,0.81
TX-10025,CASE-1024,C1009,ACC-VIC-C1009,ACC-SYN-PUN-01-L1-01,500000,2026-05-29T18:04:00,UPI,1,COMPLETED,0.93
TX-10026,CASE-1024,C1009,ACC-SYN-PUN-01-L1-01,ACC-SYN-PUN-01-L2-03,267000,2026-05-29T18:31:00,IMPS,2,COMPLETED,0.83
TX-10027,CASE-1024,C1009,ACC-SYN-PUN-01-L1-01,ACC-SYN-PUN-01-L2-01,233000,2026-05-29T18:38:00,IMPS,2,COMPLETED,0.77
TX-10028,CASE-1024,C1010,ACC-VIC-C1010,ACC-SYN-PUN-01-L1-02,120000,2026-05-31T15:40:00,UPI,1,COMPLETED,0.85
TX-10029,CASE-1024,C1010,ACC-SYN-PUN-01-L1-02,ACC-SYN-PUN-01-L2-02,63000,2026-05-31T16:09:00,IMPS,2,COMPLETED,0.76
TX-10030,CASE-1024,C1010,ACC-SYN-PUN-01-L1-02,ACC-SYN-PUN-01-L2-03,57000,2026-05-31T16:07:00,IMPS,2,COMPLETED,0.89
TX-10031,CASE-1024,C1011,ACC-VIC-C1011,ACC-SYN-PUN-01-L1-02,1200000,2026-06-02T11:01:00,UPI,1,COMPLETED,0.91
TX-10032,CASE-1024,C1011,ACC-SYN-PUN-01-L1-02,ACC-SYN-PUN-01-L2-03,650000,2026-06-02T11:39:00,IMPS,2,COMPLETED,0.8
TX-10033,CASE-1024,C1011,ACC-SYN-PUN-01-L1-02,ACC-SYN-PUN-01-L2-01,550000,2026-06-02T11:29:00,IMPS,2,COMPLETED,0.72
TX-10034,CASE-1025,C1012,ACC-VIC-C1012,ACC-SYN-PUN-01-L1-01,350000,2026-06-08T13:25:00,UPI,1,COMPLETED,0.9
TX-10035,CASE-1025,C1012,ACC-SYN-PUN-01-L1-01,ACC-SYN-PUN-01-L2-02,184000,2026-06-08T13:52:00,IMPS,2,COMPLETED,0.89
TX-10036,CASE-1025,C1012,ACC-SYN-PUN-01-L1-01,ACC-SYN-PUN-01-L2-03,166000,2026-06-08T14:02:00,IMPS,2,COMPLETED,0.73
TX-10037,CASE-1025,C1013,ACC-VIC-C1013,ACC-SYN-PUN-01-L1-02,185000,2026-06-10T17:03:00,IMPS,1,COMPLETED,0.97
TX-10038,CASE-1025,C1013,ACC-SYN-PUN-01-L1-02,ACC-SYN-PUN-01-L2-02,90000,2026-06-10T17:38:00,IMPS,2,COMPLETED,0.85
TX-10039,CASE-1025,C1013,ACC-SYN-PUN-01-L1-02,ACC-SYN-PUN-01-L2-03,95000,2026-06-10T17:30:00,IMPS,2,COMPLETED,0.85
TX-10040,CASE-1025,C1014,ACC-VIC-C1014,ACC-SYN-PUN-01-L1-02,1200000,2026-06-12T12:31:00,UPI,1,COMPLETED,0.92
TX-10041,CASE-1025,C1014,ACC-SYN-PUN-01-L1-02,ACC-SYN-PUN-01-L2-02,653000,2026-06-12T13:02:00,IMPS,2,COMPLETED,0.88
TX-10042,CASE-1025,C1014,ACC-SYN-PUN-01-L1-02,ACC-SYN-PUN-01-L2-01,547000,2026-06-12T12:55:00,IMPS,2,COMPLETED,0.88
TX-10043,CASE-1026,C1015,ACC-VIC-C1015,ACC-SYN-BLR-01-L1-01,350000,2026-06-15T18:29:00,IMPS,1,COMPLETED,0.96
TX-10044,CASE-1026,C1015,ACC-SYN-BLR-01-L1-01,ACC-SYN-BLR-01-L2-02,175000,2026-06-15T18:59:00,IMPS,2,COMPLETED,0.87
TX-10045,CASE-1026,C1015,ACC-SYN-BLR-01-L1-01,ACC-SYN-BLR-01-L2-01,175000,2026-06-15T19:14:00,IMPS,2,COMPLETED,0.79
TX-10046,CASE-1026,C1016,ACC-VIC-C1016,ACC-SYN-BLR-01-L1-01,1200000,2026-06-17T15:51:00,UPI,1,COMPLETED,0.95
TX-10047,CASE-1026,C1016,ACC-SYN-BLR-01-L1-01,ACC-SYN-BLR-01-L2-02,628000,2026-06-17T16:18:00,IMPS,2,COMPLETED,0.86
TX-10048,CASE-1026,C1016,ACC-SYN-BLR-01-L1-01,ACC-SYN-BLR-01-L2-03,572000,2026-06-17T16:38:00,IMPS,2,COMPLETED,0.78
TX-10049,CASE-1027,C1017,ACC-VIC-C1017,ACC-SYN-NCR-02-L1-02,120000,2026-06-21T12:11:00,UPI,1,COMPLETED,0.9
TX-10050,CASE-1027,C1017,ACC-SYN-NCR-02-L1-02,ACC-SYN-NCR-02-L2-02,59000,2026-06-21T12:39:00,IMPS,2,COMPLETED,0.85
TX-10051,CASE-1027,C1017,ACC-SYN-NCR-02-L1-02,ACC-SYN-NCR-02-L2-01,61000,2026-06-21T12:56:00,IMPS,2,COMPLETED,0.75
TX-10052,CASE-1027,C1018,ACC-VIC-C1018,ACC-SYN-NCR-02-L1-02,750000,2026-06-23T14:29:00,IMPS,1,COMPLETED,0.86
TX-10053,CASE-1027,C1018,ACC-SYN-NCR-02-L1-02,ACC-SYN-NCR-02-L2-02,393000,2026-06-23T14:57:00,IMPS,2,COMPLETED,0.87
TX-10054,CASE-1027,C1018,ACC-SYN-NCR-02-L1-02,ACC-SYN-NCR-02-L2-03,357000,2026-06-23T15:03:00,IMPS,2,COMPLETED,0.87
TX-10055,CASE-1028,C1019,ACC-VIC-C1019,ACC-SYN-MUM-01-L1-02,1200000,2026-06-28T14:53:00,IMPS,1,COMPLETED,0.93
TX-10056,CASE-1028,C1019,ACC-SYN-MUM-01-L1-02,ACC-SYN-MUM-01-L2-02,629000,2026-06-28T15:27:00,IMPS,2,COMPLETED,0.79
TX-10057,CASE-1028,C1019,ACC-SYN-MUM-01-L1-02,ACC-SYN-MUM-01-L2-01,571000,2026-06-28T15:37:00,IMPS,2,COMPLETED,0.85
TX-10058,CASE-1028,C1020,ACC-VIC-C1020,ACC-SYN-MUM-01-L1-02,120000,2026-06-30T16:07:00,UPI,1,COMPLETED,0.96
TX-10059,CASE-1028,C1020,ACC-SYN-MUM-01-L1-02,ACC-SYN-MUM-01-L2-02,65000,2026-06-30T16:31:00,IMPS,2,COMPLETED,0.88
TX-10060,CASE-1028,C1020,ACC-SYN-MUM-01-L1-02,ACC-SYN-MUM-01-L2-03,55000,2026-06-30T16:37:00,IMPS,2,COMPLETED,0.86
TX-10061,CASE-1028,C1021,ACC-VIC-C1021,ACC-SYN-MUM-01-L1-02,120000,2026-07-02T12:20:00,UPI,1,COMPLETED,0.86
TX-10062,CASE-1028,C1021,ACC-SYN-MUM-01-L1-02,ACC-SYN-MUM-01-L2-01,57000,2026-07-02T12:52:00,IMPS,2,COMPLETED,0.81
TX-10063,CASE-1028,C1021,ACC-SYN-MUM-01-L1-02,ACC-SYN-MUM-01-L2-02,63000,2026-07-02T12:59:00,IMPS,2,COMPLETED,0.76
TX-10064,CASE-1028,C1022,ACC-VIC-C1022,ACC-SYN-MUM-01-L1-02,350000,2026-07-04T11:06:00,UPI,1,COMPLETED,0.94
TX-10065,CASE-1028,C1022,ACC-SYN-MUM-01-L1-02,ACC-SYN-MUM-01-L2-02,191000,2026-07-04T11:29:00,IMPS,2,COMPLETED,0.76
TX-10066,CASE-1028,C1022,ACC-SYN-MUM-01-L1-02,ACC-SYN-MUM-01-L2-03,159000,2026-07-04T11:37:00,IMPS,2,COMPLETED,0.76
TX-10067,CASE-1029,C1023,ACC-VIC-C1023,ACC-SYN-NCR-01-L1-01,120000,2026-07-05T12:14:00,IMPS,1,COMPLETED,0.93
TX-10068,CASE-1029,C1023,ACC-SYN-NCR-01-L1-01,ACC-SYN-NCR-01-L2-01,64000,2026-07-05T12:54:00,IMPS,2,COMPLETED,0.9
TX-10069,CASE-1029,C1023,ACC-SYN-NCR-01-L1-01,ACC-SYN-NCR-01-L2-02,56000,2026-07-05T12:34:00,IMPS,2,COMPLETED,0.77
TX-10070,CASE-1029,C1024,ACC-VIC-C1024,ACC-SYN-NCR-01-L1-02,1200000,2026-07-07T11:21:00,IMPS,1,COMPLETED,0.95
TX-10071,CASE-1029,C1024,ACC-SYN-NCR-01-L1-02,ACC-SYN-NCR-01-L2-02,641000,2026-07-07T11:52:00,IMPS,2,COMPLETED,0.85
TX-10072,CASE-1029,C1024,ACC-SYN-NCR-01-L1-02,ACC-SYN-NCR-01-L2-03,559000,2026-07-07T11:55:00,IMPS,2,COMPLETED,0.81
TX-10073,CASE-1030,C1025,ACC-VIC-C1025,ACC-SYN-PUN-01-L1-02,750000,2026-07-13T12:31:00,UPI,1,COMPLETED,0.9
TX-10074,CASE-1030,C1025,ACC-SYN-PUN-01-L1-02,ACC-SYN-PUN-01-L2-03,383000,2026-07-13T13:05:00,IMPS,2,COMPLETED,0.82
TX-10075,CASE-1030,C1025,ACC-SYN-PUN-01-L1-02,ACC-SYN-PUN-01-L2-02,367000,2026-07-13T13:16:00,IMPS,2,COMPLETED,0.85
TX-10076,CASE-1030,C1026,ACC-VIC-C1026,ACC-SYN-PUN-01-L1-02,750000,2026-07-15T17:11:00,IMPS,1,COMPLETED,0.96
TX-10077,CASE-1030,C1026,ACC-SYN-PUN-01-L1-02,ACC-SYN-PUN-01-L2-01,365000,2026-07-15T17:49:00,IMPS,2,COMPLETED,0.81
TX-10078,CASE-1030,C1026,ACC-SYN-PUN-01-L1-02,ACC-SYN-PUN-01-L2-02,385000,2026-07-15T17:35:00,IMPS,2,COMPLETED,0.82
TX-10079,CASE-1030,C1027,ACC-VIC-C1027,ACC-SYN-PUN-01-L1-02,240000,2026-07-17T15:38:00,UPI,1,COMPLETED,0.86
TX-10080,CASE-1030,C1027,ACC-SYN-PUN-01-L1-02,ACC-SYN-PUN-01-L2-02,128000,2026-07-17T16:10:00,IMPS,2,COMPLETED,0.92
TX-10081,CASE-1030,C1027,ACC-SYN-PUN-01-L1-02,ACC-SYN-PUN-01-L2-01,112000,2026-07-17T16:24:00,IMPS,2,COMPLETED,0.83
TX-10082,CASE-1030,C1028,ACC-VIC-C1028,ACC-SYN-PUN-01-L1-01,120000,2026-07-19T16:07:00,IMPS,1,COMPLETED,0.9
TX-10083,CASE-1030,C1028,ACC-SYN-PUN-01-L1-01,ACC-SYN-PUN-01-L2-02,58000,2026-07-19T16:31:00,IMPS,2,COMPLETED,0.87
TX-10084,CASE-1030,C1028,ACC-SYN-PUN-01-L1-01,ACC-SYN-PUN-01-L2-03,62000,2026-07-19T16:51:00,IMPS,2,COMPLETED,0.89
TX-10085,CASE-1031,C1029,ACC-VIC-C1029,ACC-SYN-PUN-01-L1-02,1200000,2026-07-20T15:12:00,UPI,1,COMPLETED,0.86
TX-10086,CASE-1031,C1029,ACC-SYN-PUN-01-L1-02,ACC-SYN-PUN-01-L2-02,576000,2026-07-20T15:36:00,IMPS,2,COMPLETED,0.91
TX-10087,CASE-1031,C1029,ACC-SYN-PUN-01-L1-02,ACC-SYN-PUN-01-L2-01,624000,2026-07-20T15:56:00,IMPS,2,COMPLETED,0.74
TX-10088,CASE-1031,C1030,ACC-VIC-C1030,ACC-SYN-PUN-01-L1-02,500000,2026-07-22T14:28:00,UPI,1,COMPLETED,0.94
TX-10089,CASE-1031,C1030,ACC-SYN-PUN-01-L1-02,ACC-SYN-PUN-01-L2-02,244000,2026-07-22T14:43:00,IMPS,2,COMPLETED,0.91
TX-10090,CASE-1031,C1030,ACC-SYN-PUN-01-L1-02,ACC-SYN-PUN-01-L2-03,256000,2026-07-22T14:53:00,IMPS,2,COMPLETED,0.86
TX-10091,CASE-1031,C1031,ACC-VIC-C1031,ACC-SYN-PUN-01-L1-01,350000,2026-07-24T17:36:00,IMPS,1,COMPLETED,0.92
TX-10092,CASE-1031,C1031,ACC-SYN-PUN-01-L1-01,ACC-SYN-PUN-01-L2-01,176000,2026-07-24T18:11:00,IMPS,2,COMPLETED,0.89
TX-10093,CASE-1031,C1031,ACC-SYN-PUN-01-L1-01,ACC-SYN-PUN-01-L2-02,174000,2026-07-24T18:03:00,IMPS,2,COMPLETED,0.74
TX-10094,CASE-1032,C1032,ACC-VIC-C1032,ACC-SYN-BLR-01-L1-01,350000,2026-07-26T16:03:00,IMPS,1,COMPLETED,0.89
TX-10095,CASE-1032,C1032,ACC-SYN-BLR-01-L1-01,ACC-SYN-BLR-01-L2-02,169000,2026-07-26T16:27:00,IMPS,2,COMPLETED,0.76
TX-10096,CASE-1032,C1032,ACC-SYN-BLR-01-L1-01,ACC-SYN-BLR-01-L2-01,181000,2026-07-26T16:50:00,IMPS,2,COMPLETED,0.9
TX-10097,CASE-1032,C1033,ACC-VIC-C1033,ACC-SYN-BLR-01-L1-01,185000,2026-07-28T18:22:00,UPI,1,COMPLETED,0.98
TX-10098,CASE-1032,C1033,ACC-SYN-BLR-01-L1-01,ACC-SYN-BLR-01-L2-03,93000,2026-07-28T18:46:00,IMPS,2,COMPLETED,0.82
TX-10099,CASE-1032,C1033,ACC-SYN-BLR-01-L1-01,ACC-SYN-BLR-01-L2-01,92000,2026-07-28T19:06:00,IMPS,2,COMPLETED,0.78
TX-10100,CASE-1032,C1034,ACC-VIC-C1034,ACC-SYN-BLR-01-L1-01,120000,2026-07-30T13:13:00,UPI,1,COMPLETED,0.93
TX-10101,CASE-1032,C1034,ACC-SYN-BLR-01-L1-01,ACC-SYN-BLR-01-L2-02,63000,2026-07-30T13:51:00,IMPS,2,COMPLETED,0.92
TX-10102,CASE-1032,C1034,ACC-SYN-BLR-01-L1-01,ACC-SYN-BLR-01-L2-01,57000,2026-07-30T14:02:00,IMPS,2,COMPLETED,0.81
TX-10103,CASE-1032,C1035,ACC-VIC-C1035,ACC-SYN-BLR-01-L1-01,1200000,2026-08-01T14:20:00,IMPS,1,COMPLETED,0.94
TX-10104,CASE-1032,C1035,ACC-SYN-BLR-01-L1-01,ACC-SYN-BLR-01-L2-03,626000,2026-08-01T14:39:00,IMPS,2,COMPLETED,0.78
TX-10105,CASE-1032,C1035,ACC-SYN-BLR-01-L1-01,ACC-SYN-BLR-01-L2-01,574000,2026-08-01T15:06:00,IMPS,2,COMPLETED,0.84
TX-10106,CASE-1033,C1036,ACC-VIC-C1036,ACC-SYN-PUN-01-L1-02,500000,2026-08-02T18:11:00,UPI,1,COMPLETED,0.95
TX-10107,CASE-1033,C1036,ACC-SYN-PUN-01-L1-02,ACC-SYN-PUN-01-L2-03,273000,2026-08-02T18:32:00,IMPS,2,COMPLETED,0.89
TX-10108,CASE-1033,C1036,ACC-SYN-PUN-01-L1-02,ACC-SYN-PUN-01-L2-02,227000,2026-08-02T18:35:00,IMPS,2,COMPLETED,0.88
TX-10109,CASE-1033,C1037,ACC-VIC-C1037,ACC-SYN-PUN-01-L1-01,350000,2026-08-04T13:13:00,IMPS,1,COMPLETED,0.9
TX-10110,CASE-1033,C1037,ACC-SYN-PUN-01-L1-01,ACC-SYN-PUN-01-L2-02,177000,2026-08-04T13:30:00,IMPS,2,COMPLETED,0.81
TX-10111,CASE-1033,C1037,ACC-SYN-PUN-01-L1-01,ACC-SYN-PUN-01-L2-01,173000,2026-08-04T13:33:00,IMPS,2,COMPLETED,0.78
TX-10112,CASE-1033,C1038,ACC-VIC-C1038,ACC-SYN-PUN-01-L1-01,1200000,2026-08-06T18:35:00,IMPS,1,COMPLETED,0.96
TX-10113,CASE-1033,C1038,ACC-SYN-PUN-01-L1-01,ACC-SYN-PUN-01-L2-03,585000,2026-08-06T18:59:00,IMPS,2,COMPLETED,0.79
TX-10114,CASE-1033,C1038,ACC-SYN-PUN-01-L1-01,ACC-SYN-PUN-01-L2-02,615000,2026-08-06T18:58:00,IMPS,2,COMPLETED,0.73
TX-10115,CASE-1033,C1039,ACC-VIC-C1039,ACC-SYN-PUN-01-L1-01,500000,2026-08-08T11:36:00,IMPS,1,COMPLETED,0.94
TX-10116,CASE-1033,C1039,ACC-SYN-PUN-01-L1-01,ACC-SYN-PUN-01-L2-01,242000,2026-08-08T12:07:00,IMPS,2,COMPLETED,0.84
TX-10117,CASE-1033,C1039,ACC-SYN-PUN-01-L1-01,ACC-SYN-PUN-01-L2-02,258000,2026-08-08T12:21:00,IMPS,2,COMPLETED,0.9
TX-10118,CASE-1034,C1040,ACC-VIC-C1040,ACC-SYN-NCR-01-L1-01,750000,2026-08-07T14:39:00,UPI,1,COMPLETED,0.93
TX-10119,CASE-1034,C1040,ACC-SYN-NCR-01-L1-01,ACC-SYN-NCR-01-L2-01,397000,2026-08-07T15:08:00,IMPS,2,COMPLETED,0.76
TX-10120,CASE-1034,C1040,ACC-SYN-NCR-01-L1-01,ACC-SYN-NCR-01-L2-03,353000,2026-08-07T15:05:00,IMPS,2,COMPLETED,0.73
TX-10121,CASE-1034,C1041,ACC-VIC-C1041,ACC-SYN-NCR-01-L1-02,1200000,2026-08-09T14:58:00,UPI,1,COMPLETED,0.95
TX-10122,CASE-1034,C1041,ACC-SYN-NCR-01-L1-02,ACC-SYN-NCR-01-L2-02,657000,2026-08-09T15:28:00,IMPS,2,COMPLETED,0.87
TX-10123,CASE-1034,C1041,ACC-SYN-NCR-01-L1-02,ACC-SYN-NCR-01-L2-03,543000,2026-08-09T15:29:00,IMPS,2,COMPLETED,0.89
TX-10124,CASE-1034,C1042,ACC-VIC-C1042,ACC-SYN-NCR-01-L1-01,120000,2026-08-11T15:17:00,UPI,1,COMPLETED,0.91
TX-10125,CASE-1034,C1042,ACC-SYN-NCR-01-L1-01,ACC-SYN-NCR-01-L2-03,62000,2026-08-11T15:45:00,IMPS,2,COMPLETED,0.8
TX-10126,CASE-1034,C1042,ACC-SYN-NCR-01-L1-01,ACC-SYN-NCR-01-L2-02,58000,2026-08-11T16:02:00,IMPS,2,COMPLETED,0.89
TX-10127,CASE-1035,C1043,ACC-VIC-C1043,ACC-SYN-NCR-01-L1-02,350000,2026-08-14T16:08:00,IMPS,1,COMPLETED,0.92
TX-10128,CASE-1035,C1043,ACC-SYN-NCR-01-L1-02,ACC-SYN-NCR-01-L2-02,183000,2026-08-14T16:30:00,IMPS,2,COMPLETED,0.91
TX-10129,CASE-1035,C1043,ACC-SYN-NCR-01-L1-02,ACC-SYN-NCR-01-L2-03,167000,2026-08-14T16:28:00,IMPS,2,COMPLETED,0.85
TX-10130,CASE-1035,C1044,ACC-VIC-C1044,ACC-SYN-NCR-01-L1-02,240000,2026-08-16T14:24:00,UPI,1,COMPLETED,0.94
TX-10131,CASE-1035,C1044,ACC-SYN-NCR-01-L1-02,ACC-SYN-NCR-01-L2-03,124000,2026-08-16T14:48:00,IMPS,2,COMPLETED,0.9
TX-10132,CASE-1035,C1044,ACC-SYN-NCR-01-L1-02,ACC-SYN-NCR-01-L2-01,116000,2026-08-16T15:11:00,IMPS,2,COMPLETED,0.75
