withdrawal_id,case_id,complaint_id,account_number,atm_id,cluster_id,amount,timestamp,card_id,latitude,longitude
W-5001,CASE-1021,C1001,ACC-SYN-MUM-01-L2-02,ATM-127,MUM-BKC,40000,2026-05-08T16:40:12,CARD-MULE-5892,19.062675,72.863268
W-5002,CASE-1021,C1001,ACC-SYN-MUM-01-L2-03,ATM-127,MUM-BKC,40000,2026-05-08T16:46:12,CARD-MULE-5892,19.062675,72.863268
W-5003,CASE-1021,C1001,ACC-SYN-MUM-01-L2-02,ATM-127,MUM-BKC,40000,2026-05-08T16:54:12,CARD-MULE-5892,19.062675,72.863268
W-5004,CASE-1021,C1002,ACC-SYN-MUM-01-L2-03,ATM-133,MUM-AND,40000,2026-05-10T16:47:24,CARD-MULE-7211,19.136735,72.823382
W-5005,CASE-1021,C1002,ACC-SYN-MUM-01-L2-01,ATM-133,MUM-AND,40000,2026-05-10T16:51:24,CARD-MULE-7211,19.136735,72.823382
W-5006,CASE-1021,C1002,ACC-SYN-MUM-01-L2-03,ATM-133,MUM-AND,40000,2026-05-10T16:59:24,CARD-MULE-7211,19.136735,72.823382
W-5007,CASE-1022,C1003,ACC-SYN-MUM-01-L2-01,ATM-131,MUM-AND,40000,2026-05-18T20:32:48,CARD-MULE-7043,19.138208,72.825952
W-5008,CASE-1022,C1003,ACC-SYN-MUM-01-L2-03,ATM-131,MUM-AND,40000,2026-05-18T20:39:48,CARD-MULE-7043,19.138208,72.825952
W-5009,CASE-1022,C1003,ACC-SYN-MUM-01-L2-01,ATM-131,MUM-AND,40000,2026-05-18T20:46:48,CARD-MULE-7043,19.138208,72.825952
W-5010,CASE-1022,C1004,ACC-SYN-MUM-01-L2-03,ATM-130,MUM-AND,40000,2026-05-20T15:23:12,CARD-MULE-7071,19.133216,72.827376
W-5011,CASE-1022,C1004,ACC-SYN-MUM-01-L2-01,ATM-130,MUM-AND,40000,2026-05-20T15:30:12,CARD-MULE-7071,19.133216,72.827376
W-5012,CASE-1022,C1004,ACC-SYN-MUM-01-L2-03,ATM-130,MUM-AND,40000,2026-05-20T15:33:12,CARD-MULE-7071,19.133216,72.827376
W-5013,CASE-1022,C1005,ACC-SYN-MUM-01-L2-03,ATM-132,MUM-AND,40000,2026-05-22T14:33:48,CARD-MULE-2419,19.131027,72.830439
W-5014,CASE-1022,C1005,ACC-SYN-MUM-01-L2-02,ATM-132,MUM-AND,40000,2026-05-22T14:39:48,CARD-MULE-2419,19.131027,72.830439
W-5015,CASE-1023,C1006,ACC-SYN-NCR-02-L2-01,ATM-112,DEL-ROH,40000,2026-05-25T15:10:12,CARD-MULE-2524,28.700849,77.096885
W-5016,CASE-1023,C1006,ACC-SYN-NCR-02-L2-03,ATM-112,DEL-ROH,40000,2026-05-25T15:14:12,CARD-MULE-2524,28.700849,77.096885
W-5017,CASE-1023,C1007,ACC-SYN-NCR-02-L2-02,ATM-102,DEL-CP,32000,2026-05-27T20:31:12,CARD-MULE-8933,28.632586,77.211081
W-5018,CASE-1023,C1007,ACC-SYN-NCR-02-L2-01,ATM-102,DEL-CP,32000,2026-05-27T20:38:12,CARD-MULE-8933,28.632586,77.211081
W-5019,CASE-1023,C1007,ACC-SYN-NCR-02-L2-02,ATM-102,DEL-CP,32000,2026-05-27T20:45:12,CARD-MULE-8933,28.632586,77.211081
W-5020,CASE-1023,C1007,ACC-SYN-NCR-02-L2-01,ATM-102,DEL-CP,32000,2026-05-27T20:52:12,CARD-MULE-8933,28.632586,77.211081
W-5021,CASE-1023,C1008,ACC-SYN-NCR-02-L2-03,ATM-103,DEL-CP,40000,2026-05-29T18:49:24,CARD-MULE-6582,28.632235,77.219292
W-5022,CASE-1023,C1008,ACC-SYN-NCR-02-L2-02,ATM-103,DEL-CP,40000,2026-05-29T18:52:24,CARD-MULE-6582,28.632235,77.219292
W-5023,CASE-1023,C1008,ACC-SYN-NCR-02-L2-03,ATM-103,DEL-CP,40000,2026-05-29T18:59:24,CARD-MULE-6582,28.632235,77.219292
W-5024,CASE-1024,C1009,ACC-SYN-PUN-01-L2-03,ATM-141,PUN-HINJ,40000,2026-05-29T21:12:12,CARD-MULE-1986,18.590145,73.744199
W-5025,CASE-1024,C1009,ACC-SYN-PUN-01-L2-01,ATM-141,PUN-HINJ,40000,2026-05-29T21:15:12,CARD-MULE-1986,18.590145,73.744199
W-5026,CASE-1024,C1009,ACC-SYN-PUN-01-L2-03,ATM-141,PUN-HINJ,40000,2026-05-29T21:20:12,CARD-MULE-1986,18.590145,73.744199
W-5027,CASE-1024,C1009,ACC-SYN-PUN-01-L2-01,ATM-141,PUN-HINJ,40000,2026-05-29T21:24:12,CARD-MULE-1986,18.590145,73.744199
W-5028,CASE-1024,C1010,ACC-SYN-PUN-01-L2-02,ATM-145,PUN-KOTH,21000,2026-05-31T19:06:24,CARD-MULE-4683,18.507471,73.803289
W-5029,CASE-1024,C1010,ACC-SYN-PUN-01-L2-03,ATM-145,PUN-KOTH,21000,2026-05-31T19:11:24,CARD-MULE-4683,18.507471,73.803289
W-5030,CASE-1024,C1010,ACC-SYN-PUN-01-L2-02,ATM-145,PUN-KOTH,21000,2026-05-31T19:14:24,CARD-MULE-4683,18.507471,73.803289
W-5031,CASE-1024,C1010,ACC-SYN-PUN-01-L2-03,ATM-145,PUN-KOTH,21000,2026-05-31T19:15:24,CARD-MULE-4683,18.507471,73.803289
W-5032,CASE-1024,C1011,ACC-SYN-PUN-01-L2-03,ATM-143,PUN-HINJ,40000,2026-06-02T15:54:48,CARD-MULE-1339,18.588164,73.737649
W-5033,CASE-1024,C1011,ACC-SYN-PUN-01-L2-01,ATM-143,PUN-HINJ,40000,2026-06-02T16:01:48,CARD-MULE-1339,18.588164,73.737649
W-5034,CASE-1024,C1011,ACC-SYN-PUN-01-L2-03,ATM-143,PUN-HINJ,40000,2026-06-02T16:00:48,CARD-MULE-1339,18.588164,73.737649
W-5035,CASE-1024,C1011,ACC-SYN-PUN-01-L2-01,ATM-143,PUN-HINJ,40000,2026-06-02T16:06:48,CARD-MULE-1339,18.588164,73.737649
W-5036,CASE-1025,C1012,ACC-SYN-PUN-01-L2-02,ATM-140,PUN-HINJ,40000,2026-06-08T16:39:48,CARD-MULE-9431,18.585983,73.738994
W-5037,CASE-1025,C1012,ACC-SYN-PUN-01-L2-03,ATM-140,PUN-HINJ,40000,2026-06-08T16:46:48,CARD-MULE-9431,18.585983,73.738994
W-5038,CASE-1025,C1012,ACC-SYN-PUN-01-L2-02,ATM-140,PUN-HINJ,40000,2026-06-08T16:51:48,CARD-MULE-9431,18.585983,73.738994
W-5039,CASE-1025,C1013,ACC-SYN-PUN-01-L2-02,ATM-138,PUN-HINJ,40000,2026-06-10T20:55:48,CARD-MULE-4681,18.587158,73.73646
W-5040,CASE-1025,C1013,ACC-SYN-PUN-01-L2-03,ATM-138,PUN-HINJ,40000,2026-06-10T21:01:48,CARD-MULE-4681,18.587158,73.73646
W-5041,CASE-1025,C1014,ACC-SYN-PUN-01-L2-02,ATM-141,PUN-HINJ,40000,2026-06-12T15:36:24,CARD-MULE-5377,18.590145,73.744199
W-5042,CASE-1025,C1014,ACC-SYN-PUN-01-L2-01,ATM-141,PUN-HINJ,40000,2026-06-12T15:41:24,CARD-MULE-5377,18.590145,73.744199
W-5043,CASE-1025,C1014,ACC-SYN-PUN-01-L2-02,ATM-141,PUN-HINJ,40000,2026-06-12T15:46:24,CARD-MULE-5377,18.590145,73.744199
W-5044,CASE-1025,C1014,ACC-SYN-PUN-01-L2-01,ATM-141,PUN-HINJ,40000,2026-06-12T15:57:24,CARD-MULE-5377,18.590145,73.744199
W-5045,CASE-1026,C1015,ACC-SYN-BLR-01-L2-02,ATM-157,BLR-IND,40000,2026-06-16T00:09:48,CARD-MULE-1606,12.97431,77.643215
W-5046,CASE-1026,C1015,ACC-SYN-BLR-01-L2-01,ATM-157,BLR-IND,40000,2026-06-16T00:16:48,CARD-MULE-1606,12.97431,77.643215
W-5047,CASE-1026,C1015,ACC-SYN-BLR-01-L2-02,ATM-157,BLR-IND,40000,2026-06-16T00:23:48,CARD-MULE-1606,12.97431,77.643215
W-5048,CASE-1026,C1016,ACC-SYN-BLR-01-L2-02,ATM-151,BLR-KOR,40000,2026-06-17T21:28:24,CARD-MULE-8994,12.938095,77.62512
W-5049,CASE-1026,C1016,ACC-SYN-BLR-01-L2-03,ATM-151,BLR-KOR,40000,2026-06-17T21:31:24,CARD-MULE-8994,12.938095,77.62512
W-5050,CASE-1026,C1016,ACC-SYN-BLR-01-L2-02,ATM-151,BLR-KOR,40000,2026-06-17T21:42:24,CARD-MULE-8994,12.938095,77.62512
W-5051,CASE-1026,C1016,ACC-SYN-BLR-01-L2-03,ATM-151,BLR-KOR,40000,2026-06-17T21:37:24,CARD-MULE-8994,12.938095,77.62512
W-5052,CASE-1027,C1017,ACC-SYN-NCR-02-L2-02,ATM-112,DEL-ROH,40000,2026-06-21T16:36:12,CARD-MULE-9153,28.700849,77.096885
W-5053,CASE-1027,C1017,ACC-SYN-NCR-02-L2-01,ATM-112,DEL-ROH,40000,2026-06-21T16:40:12,CARD-MULE-9153,28.700849,77.096885
W-5054,CASE-1027,C1018,ACC-SYN-NCR-02-L2-02,ATM-112,DEL-ROH,40000,2026-06-23T19:32:24,CARD-MULE-4886,28.700849,77.096885
W-5055,CASE-1027,C1018,ACC-SYN-NCR-02-L2-03,ATM-112,DEL-ROH,40000,2026-06-23T19:39:24,CARD-MULE-4886,28.700849,77.096885
W-5056,CASE-1028,C1019,ACC-SYN-MUM-01-L2-02,ATM-131,MUM-AND,40000,2026-06-28T19:19:00,CARD-MULE-1645,19.138208,72.825952
W-5057,CASE-1028,C1019,ACC-SYN-MUM-01-L2-01,ATM-131,MUM-AND,40000,2026-06-28T19:25:00,CARD-MULE-1645,19.138208,72.825952
W-5058,CASE-1028,C1019,ACC-SYN-MUM-01-L2-02,ATM-131,MUM-AND,40000,2026-06-28T19:25:00,CARD-MULE-1645,19.138208,72.825952
W-5059,CASE-1028,C1019,ACC-SYN-MUM-01-L2-01,ATM-131,MUM-AND,40000,2026-06-28T19:40:00,CARD-MULE-1645,19.138208,72.825952
W-5060,CASE-1028,C1020,ACC-SYN-MUM-01-L2-02,ATM-130,MUM-AND,40000,2026-06-30T18:36:24,CARD-MULE-7511,19.133216,72.827376
W-5061,CASE-1028,C1020,ACC-SYN-MUM-01-L2-03,ATM-130,MUM-AND,40000,2026-06-30T18:41:24,CARD-MULE-7511,19.133216,72.827376
W-5062,CASE-1028,C1021,ACC-SYN-MUM-01-L2-01,ATM-133,MUM-AND,28000,2026-07-02T17:39:48,CARD-MULE-7689,19.136735,72.823382
W-5063,CASE-1028,C1021,ACC-SYN-MUM-01-L2-02,ATM-133,MUM-AND,28000,2026-07-02T17:43:48,CARD-MULE-7689,19.136735,72.823382
W-5064,CASE-1028,C1021,ACC-SYN-MUM-01-L2-01,ATM-133,MUM-AND,28000,2026-07-02T17:45:48,CARD-MULE-7689,19.136735,72.823382
W-5065,CASE-1028,C1022,ACC-SYN-MUM-01-L2-02,ATM-131,MUM-AND,40000,2026-07-04T16:06:24,CARD-MULE-7018,19.138208,72.825952
W-5066,CASE-1028,C1022,ACC-SYN-MUM-01-L2-03,ATM-131,MUM-AND,40000,2026-07-04T16:11:24,CARD-MULE-7018,19.138208,72.825952
W-5067,CASE-1029,C1023,ACC-SYN-NCR-01-L2-01,ATM-114,NCR-NOI18,40000,2026-07-05T15:57:24,CARD-MULE-2801,28.56776,77.326836
W-5068,CASE-1029,C1023,ACC-SYN-NCR-01-L2-02,ATM-114,NCR-NOI18,40000,2026-07-05T16:01:24,CARD-MULE-2801,28.56776,77.326836
W-5069,CASE-1029,C1024,ACC-SYN-NCR-01-L2-02,ATM-113,NCR-NOI18,40000,2026-07-07T15:58:00,CARD-MULE-9543,28.567352,77.326091
W-5070,CASE-1029,C1024,ACC-SYN-NCR-01-L2-03,ATM-113,NCR-NOI18,40000,2026-07-07T16:04:00,CARD-MULE-9543,28.567352,77.326091
W-5071,CASE-1029,C1024,ACC-SYN-NCR-01-L2-02,ATM-113,NCR-NOI18,40000,2026-07-07T16:04:00,CARD-MULE-9543,28.567352,77.326091
W-5072,CASE-1029,C1024,ACC-SYN-NCR-01-L2-03,ATM-113,NCR-NOI18,40000,2026-07-07T16:07:00,CARD-MULE-9543,28.567352,77.326091
W-5073,CASE-1030,C1025,ACC-SYN-PUN-01-L2-03,ATM-145,PUN-KOTH,40000,2026-07-13T16:16:36,CARD-MULE-7779,18.507471,73.803289
W-5074,CASE-1030,C1025,ACC-SYN-PUN-01-L2-02,ATM-145,PUN-KOTH,40000,2026-07-13T16:22:36,CARD-MULE-7779,18.507471,73.803289
W-5075,CASE-1030,C1026,ACC-SYN-PUN-01-L2-01,ATM-142,PUN-HINJ,40000,2026-07-15T21:03:12,CARD-MULE-3002,18.590331,73.739904
W-5076,CASE-1030,C1026,ACC-SYN-PUN-01-L2-02,ATM-142,PUN-HINJ,40000,2026-07-15T21:08:12,CARD-MULE-3002,18.590331,73.739904
W-5077,CASE-1030,C1026,ACC-SYN-PUN-01-L2-01,ATM-142,PUN-HINJ,40000,2026-07-15T21:15:12,CARD-MULE-3002,18.590331,73.739904
W-5078,CASE-1030,C1026,ACC-SYN-PUN-01-L2-02,ATM-142,PUN-HINJ,40000,2026-07-15T21:12:12,CARD-MULE-3002,18.590331,73.739904
W-5079,CASE-1030,C1027,ACC-SYN-PUN-01-L2-02,ATM-142,PUN-HINJ,40000,2026-07-17T17:59:24,CARD-MULE-5381,18.590331,73.739904
W-5080,CASE-1030,C1027,ACC-SYN-PUN-01-L2-01,ATM-142,PUN-HINJ,40000,2026-07-17T18:03:24,CARD-MULE-5381,18.590331,73.739904
W-5081,CASE-1030,C1027,ACC-SYN-PUN-01-L2-02,ATM-142,PUN-HINJ,40000,2026-07-17T18:09:24,CARD-MULE-5381,18.590331,73.739904
W-5082,CASE-1030,C1027,ACC-SYN-PUN-01-L2-01,ATM-142,PUN-HINJ,40000,2026-07-17T18:14:24,CARD-MULE-5381,18.590331,73.739904
W-5083,CASE-1030,C1028,ACC-SYN-PUN-01-L2-02,ATM-138,PUN-HINJ,21000,2026-07-19T18:53:24,CARD-MULE-1815,18.587158,73.73646
W-5084,CASE-1030,C1028,ACC-SYN-PUN-01-L2-03,ATM-138,PUN-HINJ,21000,2026-07-19T18:58:24,CARD-MULE-1815,18.587158,73.73646
W-5085,CASE-1030,C1028,ACC-SYN-PUN-01-L2-02,ATM-138,PUN-HINJ,21000,2026-07-19T19:05:24,CARD-MULE-1815,18.587158,73.73646
W-5086,CASE-1030,C1028,ACC-SYN-PUN-01-L2-03,ATM-138,PUN-HINJ,21000,2026-07-19T19:11:24,CARD-MULE-1815,18.587158,73.73646
W-5087,CASE-1031,C1029,ACC-SYN-PUN-01-L2-02,ATM-140,PUN-HINJ,40000,2026-07-20T17:51:12,CARD-MULE-8055,18.585983,73.738994
W-5088,CASE-1031,C1029,ACC-SYN-PUN-01-L2-01,ATM-140,PUN-HINJ,40000,2026-07-20T17:55:12,CARD-MULE-8055,18.585983,73.738994
W-5089,CASE-1031,C1029,ACC-SYN-PUN-01-L2-02,ATM-140,PUN-HINJ,40000,2026-07-20T18:03:12,CARD-MULE-8055,18.585983,73.738994
W-5090,CASE-1031,C1030,ACC-SYN-PUN-01-L2-02,ATM-143,PUN-HINJ,40000,2026-07-22T19:36:12,CARD-MULE-8155,18.588164,73.737649
W-5091,CASE-1031,C1030,ACC-SYN-PUN-01-L2-03,ATM-143,PUN-HINJ,40000,2026-07-22T19:40:12,CARD-MULE-8155,18.588164,73.737649
W-5092,CASE-1031,C1031,ACC-SYN-PUN-01-L2-01,ATM-139,PUN-HINJ,40000,2026-07-24T21:39:36,CARD-MULE-2234,18.594276,73.733586
W-5093,CASE-1031,C1031,ACC-SYN-PUN-01-L2-02,ATM-139,PUN-HINJ,40000,2026-07-24T21:45:36,CARD-MULE-2234,18.594276,73.733586
W-5094,CASE-1031,C1031,ACC-SYN-PUN-01-L2-01,ATM-139,PUN-HINJ,40000,2026-07-24T21:51:36,CARD-MULE-2234,18.594276,73.733586
W-5095,CASE-1031,C1031,ACC-SYN-PUN-01-L2-02,ATM-139,PUN-HINJ,40000,2026-07-24T22:00:36,CARD-MULE-2234,18.594276,73.733586
W-5096,CASE-1032,C1032,ACC-SYN-BLR-01-L2-02,ATM-151,BLR-KOR,40000,2026-07-26T19:57:12,CARD-MULE-1672,12.938095,77.62512
W-5097,CASE-1032,C1032,ACC-SYN-BLR-01-L2-01,ATM-151,BLR-KOR,40000,2026-07-26T20:04:12,CARD-MULE-1672,12.938095,77.62512
W-5098,CASE-1032,C1032,ACC-SYN-BLR-01-L2-02,ATM-151,BLR-KOR,40000,2026-07-26T20:05:12,CARD-MULE-1672,12.938095,77.62512
W-5099,CASE-1032,C1032,ACC-SYN-BLR-01-L2-01,ATM-151,BLR-KOR,40000,2026-07-26T20:12:12,CARD-MULE-1672,12.938095,77.62512
W-5100,CASE-1032,C1033,ACC-SYN-BLR-01-L2-03,ATM-150,BLR-KOR,40000,2026-07-28T20:49:48,CARD-MULE-7333,12.929729,77.622503
W-5101,CASE-1032,C1033,ACC-SYN-BLR-01-L2-01,ATM-150,BLR-KOR,40000,2026-07-28T20:54:48,CARD-MULE-7333,12.929729,77.622503
W-5102,CASE-1032,C1034,ACC-SYN-BLR-01-L2-02,ATM-151,BLR-KOR,40000,2026-07-30T17:18:48,CARD-MULE-6940,12.938095,77.62512
W-5103,CASE-1032,C1034,ACC-SYN-BLR-01-L2-01,ATM-151,BLR-KOR,40000,2026-07-30T17:22:48,CARD-MULE-6940,12.938095,77.62512
W-5104,CASE-1032,C1035,ACC-SYN-BLR-01-L2-03,ATM-149,BLR-KOR,40000,2026-08-01T19:07:12,CARD-MULE-7731,12.932213,77.629398
W-5105,CASE-1032,C1035,ACC-SYN-BLR-01-L2-01,ATM-149,BLR-KOR,40000,2026-08-01T19:11:12,CARD-MULE-7731,12.932213,77.629398
W-5106,CASE-1033,C1036,ACC-SYN-PUN-01-L2-03,ATM-141,PUN-HINJ,40000,2026-08-02T23:08:36,CARD-MULE-2680,18.590145,73.744199
W-5107,CASE-1033,C1036,ACC-SYN-PUN-01-L2-02,ATM-141,PUN-HINJ,40000,2026-08-02T23:11:36,CARD-MULE-2680,18.590145,73.744199
W-5108,CASE-1033,C1036,ACC-SYN-PUN-01-L2-03,ATM-141,PUN-HINJ,40000,2026-08-02T23:18:36,CARD-MULE-2680,18.590145,73.744199
W-5109,CASE-1033,C1036,ACC-SYN-PUN-01-L2-02,ATM-141,PUN-HINJ,40000,2026-08-02T23:17:36,CARD-MULE-2680,18.590145,73.744199
W-5110,CASE-1033,C1037,ACC-SYN-PUN-01-L2-02,ATM-143,PUN-HINJ,40000,2026-08-04T17:19:12,CARD-MULE-3254,18.588164,73.737649
W-5111,CASE-1033,C1037,ACC-SYN-PUN-01-L2-01,ATM-143,PUN-HINJ,40000,2026-08-04T17:24:12,CARD-MULE-3254,18.588164,73.737649
W-5112,CASE-1033,C1038,ACC-SYN-PUN-01-L2-03,ATM-142,PUN-HINJ,40000,2026-08-06T22:04:00,CARD-MULE-9189,18.590331,73.739904
W-5113,CASE-1033,C1038,ACC-SYN-PUN-01-L2-02,ATM-142,PUN-HINJ,40000,2026-08-06T22:11:00,CARD-MULE-9189,18.590331,73.739904
W-5114,CASE-1033,C1039,ACC-SYN-PUN-01-L2-01,ATM-141,PUN-HINJ,40000,2026-08-08T16:54:36,CARD-MULE-7338,18.590145,73.744199
W-5115,CASE-1033,C1039,ACC-SYN-PUN-01-L2-02,ATM-141,PUN-HINJ,40000,2026-08-08T16:59:36,CARD-MULE-7338,18.590145,73.744199
W-5116,CASE-1034,C1040,ACC-SYN-NCR-01-L2-01,ATM-105,DEL-NP,40000,2026-08-07T17:41:00,CARD-MULE-9444,28.554687,77.251339
W-5117,CASE-1034,C1040,ACC-SYN-NCR-01-L2-03,ATM-105,DEL-NP,40000,2026-08-07T17:48:00,CARD-MULE-9444,28.554687,77.251339
W-5118,CASE-1034,C1040,ACC-SYN-NCR-01-L2-01,ATM-105,DEL-NP,40000,2026-08-07T17:53:00,CARD-MULE-9444,28.554687,77.251339
W-5119,CASE-1034,C1041,ACC-SYN-NCR-01-L2-02,ATM-105,DEL-NP,40000,2026-08-09T19:31:24,CARD-MULE-8055,28.554687,77.251339
W-5120,CASE-1034,C1041,ACC-SYN-NCR-01-L2-03,ATM-105,DEL-NP,40000,2026-08-09T19:35:24,CARD-MULE-8055,28.554687,77.251339
W-5121,CASE-1034,C1042,ACC-SYN-NCR-01-L2-03,ATM-108,DEL-NP,21000,2026-08-11T18:48:12,CARD-MULE-3621,28.551655,77.24785
W-5122,CASE-1034,C1042,ACC-SYN-NCR-01-L2-02,ATM-108,DEL-NP,21000,2026-08-11T18:52:12,CARD-MULE-3621,28.551655,77.24785
W-5123,CASE-1034,C1042,ACC-SYN-NCR-01-L2-03,ATM-108,DEL-NP,21000,2026-08-11T19:02:12,CARD-MULE-3621,28.551655,77.24785
W-5124,CASE-1034,C1042,ACC-SYN-NCR-01-L2-02,ATM-108,DEL-NP,21000,2026-08-11T19:06:12,CARD-MULE-3621,28.551655,77.24785
W-5125,CASE-1035,C1043,ACC-SYN-NCR-01-L2-02,ATM-108,DEL-NP,40000,2026-08-14T21:10:00,CARD-MULE-5288,28.551655,77.24785
W-5126,CASE-1035,C1043,ACC-SYN-NCR-01-L2-03,ATM-108,DEL-NP,40000,2026-08-14T21:16:00,CARD-MULE-5288,28.551655,77.24785
W-5127,CASE-1035,C1044,ACC-SYN-NCR-01-L2-03,ATM-106,DEL-NP,40000,2026-08-16T19:27:48,CARD-MULE-4673,28.55337,77.254545
W-5128,CASE-1035,C1044,ACC-SYN-NCR-01-L2-01,ATM-106,DEL-NP,40000,2026-08-16T19:31:48,CARD-MULE-4673,28.55337,77.254545
W-5129,CASE-1035,C1044,ACC-SYN-NCR-01-L2-03,ATM-106,DEL-NP,40000,2026-08-16T19:35:48,CARD-MULE-4673,28.55337,77.254545
W-5130,CASE-1035,C1044,ACC-SYN-NCR-01-L2-01,ATM-106,DEL-NP,40000,2026-08-16T19:39:48,CARD-MULE-4673,28.55337,77.254545
